Team,QB,RB,WR,TE
Arizona Cardinals,Kyler Murray,James Conner,Marvin Harrison Jr.,Trey McBride
Arizona Cardinals,Desmond Ridder,Trey Benson,Michael Wilson,Tip Reiman
Arizona Cardinals,Clayton Tune,Michael Carter,Zay Jones,Elijah Higgins
Arizona Cardinals,,Emari Demercado,Greg Dortch,
Arizona Cardinals,,DeeJay Dallas,Chris Moore,
Arizona Cardinals,,Tony Jones Jr.,Zach Pascal,
Arizona Cardinals,,,Xavier Weaver,
Arizona Cardinals,,,Tejhaun Palmer,
Arizona Cardinals,,,Daniel Arias,
Atlanta Falcons,Kirk Cousins,Bijan Robinson,Drake London,Kyle Pitts
Atlanta Falcons,Michael Penix Jr.,Tyler Allgeier,Darnell Mooney,Charlie Woerner
Atlanta Falcons,Taylor Heinicke,Jase McClellan,Ray-Ray McCloud III,Ross Dwelley
Atlanta Falcons,,Avery Williams,Casey Washington,
Atlanta Falcons,,Carlos Washington Jr.,KhaDarel Hodge,
Atlanta Falcons,,,Josh Ali,
Atlanta Falcons,,,Chris Blair,
Baltimore Ravens,Lamar Jackson,Derrick Henry,Zay Flowers,Mark Andrews
Baltimore Ravens,Josh Johnson,Keaton Mitchell,Rashod Bateman,Isaiah Likely
Baltimore Ravens,Devin Leary,Justice Hill,Devontez Walker,Charlie Kolar
Baltimore Ravens,Malik Cunningham,Rasheen Ali,Nelson Agholor,
Baltimore Ravens,,Patrick Ricard,Deonte Harty,
Baltimore Ravens,,John Kelly Jr.,Russell Gage,
Baltimore Ravens,,,Tylan Wallace,
Baltimore Ravens,,,Keith Kirkwood,
Baltimore Ravens,,,Anthony Miller,
Buffalo Bills,Josh Allen,James Cook,Keon Coleman,Dalton Kincaid
Buffalo Bills,Mitchell Trubisky,Ray Davis,Curtis Samuel,Dawson Knox
Buffalo Bills,Shane Buechele,Ty Johnson,Khalil Shakir,Quintin Morris
Buffalo Bills,,Frank Gore Jr.,Marquez Valdes-Scantling,Zach Davidson
Buffalo Bills,,Darrynton Evans,Mack Hollins,
Buffalo Bills,,Reggie Gilliam,Tyrell Shavers,
Buffalo Bills,,,KJ Hamler,
Buffalo Bills,,,Justin Shorter,
Buffalo Bills,,,Andy Isabella,
Buffalo Bills,,,Damiere Byrd,
Carolina Panthers,Bryce Young,Jonathon Brooks,Diontae Johnson,Ja'Tavion Sanders
Carolina Panthers,Andy Dalton,Chuba Hubbard,Adam Thielen,Tommy Tremble
Carolina Panthers,Jake Luton,Miles Sanders,Xavier Legette,Ian Thomas
Carolina Panthers,Feleipe Franks,Raheem Blackshear,Jonathan Mingo,Jesper Horsted
Carolina Panthers,,Dillon Johnson,Terrace Marshall Jr.,
Carolina Panthers,,Mike Boone,Ihmir Smith-Marsette,
Carolina Panthers,,,David Moore,
Carolina Panthers,,,Deven Thompkins,
Carolina Panthers,,,Mike Strachan,
Chicago Bears,Caleb Williams,D'Andre Swift,DJ Moore,Cole Kmet
Chicago Bears,Tyson Bagent,Khalil Herbert,Keenan Allen,Gerald Everett
Chicago Bears,Brett Rypien,Roschon Johnson,Rome Odunze,Marcedes Lewis
Chicago Bears,,Khari Blasingame,Tyler Scott,Stephen Carlson
Chicago Bears,,Travis Homer,Velus Jones Jr.,Tommy Sweeney
Chicago Bears,,,DeAndre Carter,
Chicago Bears,,,Dante Pettis,
Chicago Bears,,,Collin Johnson,
Cincinnati Bengals,Joe Burrow,Zack Moss,Ja'Marr Chase,Mike Gesicki
Cincinnati Bengals,Jake Browning,Chase Brown,Tee Higgins,Erick All Jr.
Cincinnati Bengals,Logan Woodside,Trayveon Williams,Jermaine Burton,Tanner Hudson
Cincinnati Bengals,,Chris Evans,Andrei Iosivas,Drew Sample
Cincinnati Bengals,,,Trenton Irwin,Tanner McLachlan
Cincinnati Bengals,,,Charlie Jones,
Cincinnati Bengals,,,Kwamie Lassiter II,
Cincinnati Bengals,,,Hakeem Butler,
Cincinnati Bengals,,,Shedrick Jackson,
Cleveland Browns,Deshaun Watson,Nick Chubb,Amari Cooper,David Njoku
Cleveland Browns,Jameis Winston,Jerome Ford,Jerry Jeudy,Jordan Akins
Cleveland Browns,Tyler Huntley,D'Onta Foreman,Elijah Moore,Giovanni Ricci
Cleveland Browns,Dorian Thompson-Robinson,Pierre Strong Jr.,Cedric Tillman,
Cleveland Browns,,Nyheim Hines,Jamari Thrash,
Cleveland Browns,,,David Bell,
Cleveland Browns,,,James Proche II,
Dallas Cowboys,Dak Prescott,Ezekiel Elliott,CeeDee Lamb,Jake Ferguson
Dallas Cowboys,Trey Lance,Rico Dowdle,Brandin Cooks,Luke Schoonmaker
Dallas Cowboys,Cooper Rush,Deuce Vaughn,Jalen Tolbert,Peyton Hendershot
Dallas Cowboys,,Royce Freeman,KaVontae Turpin,Brevyn Spann-Ford
Dallas Cowboys,,Malik Davis,Ryan Flournoy,
Dallas Cowboys,,Hunter Luepke,Jalen Brooks,
Dallas Cowboys,,Snoop Conner,Jalen Cropper,
Denver Broncos,Bo Nix,Javonte Williams,Courtland Sutton,Greg Dulcich
Denver Broncos,Jarrett Stidham,Jaleel McLaughlin,Marvin Mims Jr.,Adam Trautman
Denver Broncos,Zach Wilson,Audric Estime,Troy Franklin,Lucas Krull
Denver Broncos,,Samaje Perine,Josh Reynolds,Nate Adkins
Denver Broncos,,Blake Watson,Tim Patrick,
Denver Broncos,,Michael Burton,Brandon Johnson,
Denver Broncos,,,Lil'Jordan Humphrey,
Denver Broncos,,,Devaughn Vele,
Denver Broncos,,,Phillip Dorsett II,
Detroit Lions,Jared Goff,Jahmyr Gibbs,Amon-Ra St. Brown,Sam LaPorta
Detroit Lions,Hendon Hooker,David Montgomery,Jameson Williams,Brock Wright
Detroit Lions,Nate Sudfeld,Craig Reynolds,Kalif Raymond,James Mitchell
Detroit Lions,Jake Fromm,Sione Vaki,Donovan Peoples-Jones,Sean McKeon
Detroit Lions,,Zonovan Knight,Daurice Fountain,Shane Zylstra
Detroit Lions,,Jake Funk,Tre'Quan Smith,
Detroit Lions,,Jermar Jefferson,Isaiah Williams,
Detroit Lions,,,Kaden Davis,
Green Bay Packers,Jordan Love,Josh Jacobs,Jayden Reed,Luke Musgrave
Green Bay Packers,Sean Clifford,MarShawn Lloyd,Christian Watson,Tucker Kraft
Green Bay Packers,Michael Pratt,AJ Dillon,Romeo Doubs,Ben Sims
Green Bay Packers,,Emanuel Wilson,Dontayvion Wicks,Tyler Davis
Green Bay Packers,,,Bo Melton,
Green Bay Packers,,,Malik Heath,
Green Bay Packers,,,Samori Toure,
Green Bay Packers,,,Grant DuBose,
Houston Texans,C.J. Stroud,Joe Mixon,Nico Collins,Dalton Schultz
Houston Texans,Davis Mills,Dameon Pierce,Tank Dell,Cade Stover
Houston Texans,Case Keenum,Cam Akers,Stefon Diggs,Brevin Jordan
Houston Texans,Tim Boyle,Jawhar Jordan,Noah Brown,Teagan Quitoriano
Houston Texans,,Dare Ogunbowale,Robert Woods,Andrew Beck
Houston Texans,,,John Metchie III,
Houston Texans,,,Xavier Hutchinson,
Houston Texans,,,Ben Skowronek,
Houston Texans,,,Steven Sims Jr.,
Houston Texans,,,Quintez Cephus,
Indianapolis Colts,Anthony Richardson,Jonathan Taylor,Michael Pittman Jr.,Jelani Woods
Indianapolis Colts,Joe Flacco,Trey Sermon,Josh Downs,Kylen Granson
Indianapolis Colts,Sam Ehlinger,Evan Hull,Adonai Mitchell,Will Mallory
Indianapolis Colts,,Tyler Goodson,Alec Pierce,Mo Alie-Cox
Indianapolis Colts,,Demetric Felton Jr.,Anthony Gould,Drew Ogletree
Indianapolis Colts,,,D.J. Montgomery,Eric Tomlinson
Indianapolis Colts,,,Juwann Winfree,
Indianapolis Colts,,,Laquon Treadwell,
Indianapolis Colts,,,Ashton Dulin,
Jacksonville Jaguars,Trevor Lawrence,Travis Etienne Jr.,Christian Kirk,Evan Engram
Jacksonville Jaguars,Mac Jones,Tank Bigsby,Brian Thomas Jr.,Brenton Strange
Jacksonville Jaguars,C.J. Beathard,D'Ernest Johnson,Gabe Davis,Luke Farrell
Jacksonville Jaguars,,Keilan Robinson,Parker Washington,Josiah Deguara
Jacksonville Jaguars,,Gary Brightwell,Devin Duvernay,
Jacksonville Jaguars,,,Tim Jones,
Jacksonville Jaguars,,,Elijah Cooks,
Jacksonville Jaguars,,,Denzel Mims,
Jacksonville Jaguars,,,Austin Trammell,
Kansas City Chiefs,Patrick Mahomes II,Isiah Pacheco,Rashee Rice,Travis Kelce
Kansas City Chiefs,Carson Wentz,Clyde Edwards-Helaire,Xavier Worthy,Noah Gray
Kansas City Chiefs,,Deneric Prince,Hollywood Brown,Jared Wiley
Kansas City Chiefs,,Keaontay Ingram,Kadarius Toney,Irv Smith Jr.
Kansas City Chiefs,,Emani Bailey,Skyy Moore,
Kansas City Chiefs,,Louis Rees-Zammit,Justin Watson,
Kansas City Chiefs,,Carson Steele,Mecole Hardman Jr.,
Kansas City Chiefs,,,Justyn Ross,
Kansas City Chiefs,,,Nikko Remigio,
Los Angeles Chargers,Justin Herbert,Gus Edwards,Ladd McConkey,Hayden Hurst
Los Angeles Chargers,Easton Stick,J.K. Dobbins,Joshua Palmer,Donald Parham Jr.
Los Angeles Chargers,Max Duggan,Kimani Vidal,Quentin Johnston,Will Dissly
Los Angeles Chargers,,Isaiah Spiller,DJ Chark Jr.,Stone Smartt
Los Angeles Chargers,,Jaret Patterson,Brenden Rice,Tucker Fisk
Los Angeles Chargers,,Elijah Dotson,Derius Davis,
Los Angeles Chargers,,,Cornelius Johnson,
Los Angeles Chargers,,,Simi Fehoko,
Los Angeles Rams,Matthew Stafford,Kyren Williams,Puka Nacua,Tyler Higbee
Los Angeles Rams,Jimmy Garoppolo,Blake Corum,Cooper Kupp,Colby Parkinson
Los Angeles Rams,Stetson Bennett,Ronnie Rivers,Demarcus Robinson,Davis Allen
Los Angeles Rams,,Zach Evans,Tutu Atwell,Hunter Long
Los Angeles Rams,,Boston Scott,Jordan Whittington,
Las Vegas Raiders,Gardner Minshew II,Zamir White,Davante Adams,Brock Bowers
Las Vegas Raiders,Aidan O'Connell,Alexander Mattison,Jakobi Meyers,Michael Mayer
Las Vegas Raiders,Carter Bradley,Dylan Laube,Tre Tucker,Harrison Bryant
Las Vegas Raiders,Anthony Brown Jr.,Ameer Abdullah,Jalen Guyton,Zach Gentry
Las Vegas Raiders,Nathan Peterman,,Dax Milne,Cole Fotheringham
Las Vegas Raiders,,,Lideatrick Griffin,
Las Vegas Raiders,,,Ramel Keyton,
Miami Dolphins,Tua Tagovailoa,De'Von Achane,Tyreek Hill,Jonnu Smith
Miami Dolphins,Mike White,Raheem Mostert,Jaylen Waddle,Durham Smythe
Miami Dolphins,Skylar Thompson,Jaylen Wright,Odell Beckham Jr.,Julian Hill
Miami Dolphins,,Jeff Wilson Jr.,Malik Washington,Jody Fortson Jr.
Miami Dolphins,,Salvon Ahmed,Braxton Berrios,Tanner Conner
Miami Dolphins,,Chris Brooks,Tahj Washington,
Miami Dolphins,,Alec Ingold,River Cracraft,
Miami Dolphins,,,Erik Ezukanma,
Miami Dolphins,,,Willie Snead IV,
Miami Dolphins,,,Anthony Schwartz,
Minnesota Vikings,Sam Darnold,Aaron Jones,Justin Jefferson,T.J. Hockenson
Minnesota Vikings,Nick Mullens,Ty Chandler,Jordan Addison,Josh Oliver
Minnesota Vikings,Jaren Hall,Kene Nwangwu,Brandon Powell,Johnny Mundt
Minnesota Vikings,,Myles Gaskin,Jalen Nailor,Robert Tonyan
Minnesota Vikings,,C.J. Ham,Trent Sherfield Sr.,Trey Knox
Minnesota Vikings,,DeWayne McBride,N'Keal Harry,
Minnesota Vikings,,,Trishton Jackson,
New England Patriots,Drake Maye,Rhamondre Stevenson,DeMario Douglas,Hunter Henry
New England Patriots,Jacoby Brissett,Antonio Gibson,Ja'Lynn Polk,Jaheim Bell
New England Patriots,Bailey Zappe,Kevin Harris,Javon Baker,Austin Hooper
New England Patriots,Joe Milton III,JaMycal Hasty,Kendrick Bourne,Mitchell Wilcox
New England Patriots,,,K.J. Osborn,
New England Patriots,,,Tyquan Thornton,
New England Patriots,,,Kayshon Boutte,
New England Patriots,,,Jalen Reagor,
New Orleans Saints,Derek Carr,Alvin Kamara,Chris Olave,Taysom Hill
New Orleans Saints,Spencer Rattler,Kendre Miller,Rashid Shaheed,Juwan Johnson
New Orleans Saints,Jake Haener,Jamaal Williams,A.T. Perry,Foster Moreau
New Orleans Saints,,James Robinson,Cedrick Wilson Jr.,Dallin Holker
New Orleans Saints,,Adam Prentice,Bub Means,Tommy Hudson
New Orleans Saints,,Jordan Mims,Equanimeous St. Brown,Michael Jacobson
New Orleans Saints,,,Mason Tipton,
New Orleans Saints,,,Stanley Morgan Jr.,
New York Giants,Daniel Jones,Devin Singletary,Malik Nabers,Theo Johnson
New York Giants,Drew Lock,Tyrone Tracy Jr.,Wan'Dale Robinson,Daniel Bellinger
New York Giants,Tommy DeVito,Eric Gray,Darius Slayton,Jack Stoll
New York Giants,,Dante Miller,Jalin Hyatt,Chris Manhertz
New York Giants,,,Isaiah McKenzie,Tyree Jackson
New York Giants,,,Isaiah Hodgins,
New York Giants,,,Allen Robinson II,
New York Giants,,,Lawrence Cager,
New York Giants,,,Miles Boykin,
New York Giants,,,Gunner Olszewski,
New York Jets,Aaron Rodgers,Breece Hall,Garrett Wilson,Tyler Conklin
New York Jets,Tyrod Taylor,Braelon Allen,Mike Williams,Jeremy Ruckert
New York Jets,Jordan Travis,Israel Abanikanda,Malachi Corley,Kenny Yeboah
New York Jets,,Isaiah Davis,Allen Lazard,Zack Kuntz
New York Jets,,Deon Jackson,Xavier Gipson,Anthony Firkser
New York Jets,,,Jason Brownlee,
New York Jets,,,Lance McCutcheon,
New York Jets,,,Malik Taylor,
New York Jets,,,Irvin Charles,
Philadelphia Eagles,Jalen Hurts,Saquon Barkley,A.J. Brown,Dallas Goedert
Philadelphia Eagles,Kenny Pickett,Kenneth Gainwell,DeVonta Smith,C.J. Uzomah
Philadelphia Eagles,Tanner McKee,Will Shipley,Johnny Wilson,Albert Okwuegbunam Jr.
Philadelphia Eagles,Will Grier,Kendall Milton,Parris Campbell,Grant Calcaterra
Philadelphia Eagles,,Tyrion Davis-Price,Ainias Smith,Jacob Harris
Philadelphia Eagles,,Lew Nichols III,Britain Covey,Armani Rogers
Philadelphia Eagles,,,John Ross,
Pittsburgh Steelers,Russell Wilson,Najee Harris,George Pickens,Pat Freiermuth
Pittsburgh Steelers,Justin Fields,Jaylen Warren,Roman Wilson,Darnell Washington
Pittsburgh Steelers,Kyle Allen,Cordarrelle Patterson,Calvin Austin III,Connor Heyward
Pittsburgh Steelers,,Daijun Edwards,Van Jefferson,MyCole Pruitt
Pittsburgh Steelers,,La'Mical Perine,Quez Watkins,Rodney Williams
Pittsburgh Steelers,,Jonathan Ward,Scotty Miller,
Seattle Seahawks,Geno Smith,Kenneth Walker III,DK Metcalf,Noah Fant
Seattle Seahawks,Sam Howell,Zach Charbonnet,Jaxon Smith-Njigba,AJ Barner
Seattle Seahawks,P.J. Walker,Kenny McIntosh,Tyler Lockett,Pharaoh Brown
Seattle Seahawks,,George Holani,Jake Bobo,Jack Westover
Seattle Seahawks,,,Laviska Shenault Jr.,Tyler Mabry
Seattle Seahawks,,,Dee Eskridge,
Seattle Seahawks,,,Dareke Young,
San Francisco 49ers,Brock Purdy,Christian McCaffrey,Deebo Samuel Sr.,George Kittle
San Francisco 49ers,Joshua Dobbs,Elijah Mitchell,Brandon Aiyuk,Cameron Latu
San Francisco 49ers,Brandon Allen,Jordan Mason,Ricky Pearsall,Eric Saubert
San Francisco 49ers,,Isaac Guerendo,Jacob Cowing,Brayden Willis
San Francisco 49ers,,Matt Breida,Jauan Jennings,
San Francisco 49ers,,Kyle Juszczyk,Ronnie Bell,
San Francisco 49ers,,Cody Schrader,Trent Taylor,
San Francisco 49ers,,Patrick Taylor Jr.,Robbie Chosen,
San Francisco 49ers,,Ke'Shawn Vaughn,Chris Conley,
San Francisco 49ers,,,Danny Gray,
Tampa Bay Buccaneers,Baker Mayfield,Rachaad White,Mike Evans,Cade Otton
Tampa Bay Buccaneers,Kyle Trask,Bucky Irving,Chris Godwin,Payne Durham
Tampa Bay Buccaneers,John Wolford,Chase Edmonds,Jalen McMillan,Ko Kieft
Tampa Bay Buccaneers,,Sean Tucker,Trey Palmer,Devin Culp
Tampa Bay Buccaneers,,,Sterling Shepard,David Wells
Tampa Bay Buccaneers,,,Rakim Jarrett,
Tampa Bay Buccaneers,,,Cody Thompson,
Tennessee Titans,Will Levis,Tony Pollard,Calvin Ridley,Chigoziem Okonkwo
Tennessee Titans,Malik Willis,Tyjae Spears,DeAndre Hopkins,Josh Whyle
Tennessee Titans,Mason Rudolph,Hassan Haskins,Tyler Boyd,Nick Vannett
Tennessee Titans,,Julius Chestnut,Treylon Burks,
Tennessee Titans,,,Nick Westbrook-Ikhine,
Tennessee Titans,,,Kyle Philips,
Tennessee Titans,,,Jha'Quan Jackson,
Tennessee Titans,,,Mason Kinsey,
Tennessee Titans,,,Colton Dowell,
Washington Commanders,Jayden Daniels,Brian Robinson Jr.,Terry McLaurin,Ben Sinnott
Washington Commanders,Marcus Mariota,Austin Ekeler,Jahan Dotson,Zach Ertz
Washington Commanders,Jeff Driskel,Chris Rodriguez Jr.,Luke McCaffrey,Cole Turner
Washington Commanders,,Michael Wiley,Dyami Brown,John Bates
Washington Commanders,,Jeremy McNichols,Jamison Crowder,
Washington Commanders,,,Olamide Zaccheaus,
Washington Commanders,,,Byron Pringle,
Washington Commanders,,,Marcus Rosemy-Jacksaint,
Washington Commanders,,,Martavis Bryant,